Gulf Location (3),State/TX divided,Bay,Latitude,Longitude,Tidal Zone,Havest or not,Havest Pressure,Height (mm),Length (mm),Width (mm),Volume (mL),Wet Tissue Weight (g),Wet Shell Weight (g),Wet Whole Weight (g),Fan (L/H) ratio,Cup (W/H) ratio,V/H ratio,Weight ratio (tissue/shell)
Eastern,FL,Apalachicola,29.73633333,-84.92691667,Subtidal,No,None,62,45,21,25,6,28.19,34.19,0.725806452,0.338709677,0.403225806,0.212841433
Eastern,FL,Apalachicola,29.73633333,-84.92691667,Subtidal,No,None,62,61,33,23,9.38,56.07,65.45,0.983870968,0.532258065,0.370967742,0.167290886
Eastern,FL,Apalachicola,29.73633333,-84.92691667,Subtidal,No,None,69,44,16,19.6,5.12,34.86,39.98,0.637681159,0.231884058,0.284057971,0.146873207
Eastern,FL,Apalachicola,29.73633333,-84.92691667,Subtidal,No,None,75,50,23,22.8,7.25,42.47,49.72,0.666666667,0.306666667,0.304,0.170708736
Eastern,FL,Apalachicola,29.73633333,-84.92691667,Subtidal,No,None,86,40,16,21,7.44,27.42,34.86,0.465116279,0.186046512,0.244186047,0.271334792
Eastern,FL,Apalachicola,29.73633333,-84.92691667,Subtidal,No,None,61,37,26,10.4,4.05,22.52,26.57,0.606557377,0.426229508,0.170491803,0.179840142
Eastern,FL,Apalachicola,29.73633333,-84.92691667,Subtidal,No,None,88,51,21,33.2,12,50.54,62.54,0.579545455,0.238636364,0.377272727,0.237435694
Eastern,FL,Apalachicola,29.73633333,-84.92691667,Subtidal,No,None,91,67,28,58.6,16.41,85.73,102.14,0.736263736,0.307692308,0.643956044,0.191414907
Eastern,FL,Apalachicola,29.73633333,-84.92691667,Subtidal,No,None,80,60,38,54.2,16.06,102.06,118.12,0.75,0.475,0.6775,0.157358417
Eastern,FL,Apalachicola,29.73633333,-84.92691667,Subtidal,No,None,89,62,28,53.2,13.36,98.62,111.98,0.696629213,0.314606742,0.597752809,0.135469479
Eastern,FL,Apalachicola,29.73633333,-84.92691667,Subtidal,No,None,97,53,39,75.2,15.47,135.24,150.71,0.546391753,0.402061856,0.775257732,0.114389234
Eastern,FL,Apalachicola,29.73633333,-84.92691667,Subtidal,No,None,74,53,29,41.2,12.25,58.43,70.68,0.716216216,0.391891892,0.556756757,0.209652576
Eastern,FL,Apalachicola,29.73633333,-84.92691667,Subtidal,No,None,57,56,24,25.6,5.56,47.6,53.16,0.98245614,0.421052632,0.449122807,0.116806723
Eastern,FL,Apalachicola,29.73633333,-84.92691667,Subtidal,No,None,51,30,11,7.8,2.13,8.14,10.27,0.588235294,0.215686275,0.152941176,0.261670762
Eastern,FL,Apalachicola,29.73633333,-84.92691667,Subtidal,No,None,48,29,14,8.6,2.32,8.68,11,0.604166667,0.291666667,0.179166667,0.267281106
Eastern,FL,Apalachicola,29.73633333,-84.92691667,Subtidal,No,None,33,42,17,11,5.52,41.3,46.82,1.272727273,0.515151515,0.333333333,0.133656174
Eastern,FL,Apalachicola,29.73633333,-84.92691667,Subtidal,No,None,54,42,28,25.6,2.98,10.42,13.4,0.777777778,0.518518519,0.474074074,0.285988484
Eastern,FL,Apalachicola,29.73633333,-84.92691667,Subtidal,No,None,43,33,23,9,2.79,13.57,16.36,0.76744186,0.534883721,0.209302326,0.20560059
Eastern,FL,Apalachicola,29.73633333,-84.92691667,Subtidal,No,None,53,35,19,9.6,3.81,11.19,15,0.660377358,0.358490566,0.181132075,0.340482574
Eastern,FL,Apalachicola,29.73633333,-84.92691667,Subtidal,No,None,46,33,13,7,1.93,12.13,14.06,0.717391304,0.282608696,0.152173913,0.159109646
Eastern,FL,Apalachicola,29.73633333,-84.92691667,Subtidal,No,None,42,39,18,9.4,2.45,11.74,14.19,0.928571429,0.428571429,0.223809524,0.208688245
Eastern,FL,Apalachicola,29.73633333,-84.92691667,Subtidal,No,None,57,49,23,16.4,5.12,26.97,32.09,0.859649123,0.403508772,0.287719298,0.189840564
Eastern,FL,Apalachicola,29.73633333,-84.92691667,Subtidal,No,None,57,35,16,7.4,2.88,12.43,15.31,0.614035088,0.280701754,0.129824561,0.231697506
Eastern,FL,Apalachicola,29.73633333,-84.92691667,Subtidal,No,None,55,48,23,27.2,7.16,38.02,45.18,0.872727273,0.418181818,0.494545455,0.188321936
Eastern,FL,Apalachicola,29.73633333,-84.92691667,Subtidal,No,None,55,55,15,17.2,6.03,21.06,27.09,1,0.272727273,0.312727273,0.286324786
Eastern,FL,Apalachicola,29.73633333,-84.92691667,Subtidal,No,None,86,57,24,34,11.82,44.78,56.6,0.662790698,0.279069767,0.395348837,0.263957124
Eastern,FL,Apalachicola,29.73633333,-84.92691667,Subtidal,No,None,89,48,22,33.6,10.64,47.98,58.62,0.539325843,0.247191011,0.37752809,0.221759066
Eastern,FL,Apalachicola,29.73633333,-84.92691667,Subtidal,No,None,65,57,32,40,10.17,71.46,81.63,0.876923077,0.492307692,0.615384615,0.14231738
Eastern,FL,Apalachicola,29.73633333,-84.92691667,Subtidal,No,None,82,63,35,52.8,16.29,87.55,103.84,0.768292683,0.426829268,0.643902439,0.186065106
Eastern,FL,Apalachicola,29.73633333,-84.92691667,Subtidal,No,None,79,42,22,19.4,8.1,29.2,37.3,0.53164557,0.278481013,0.24556962,0.27739726
Eastern,FL,Caloosahatchee River,26.52715,-81.9561,Subtidal,No,None,86,38,20,21.4,4.16,32.12,36.28,0.441860465,0.23255814,0.248837209,0.129514321
Eastern,FL,Caloosahatchee River,26.52715,-81.9561,Subtidal,No,None,75,40,18,18,3.11,27.53,30.64,0.533333333,0.24,0.24,0.112967672
Eastern,FL,Caloosahatchee River,26.52715,-81.9561,Subtidal,No,None,98,36,16,21.6,3.1,32.36,35.46,0.367346939,0.163265306,0.220408163,0.095797281
Eastern,FL,Caloosahatchee River,26.52715,-81.9561,Subtidal,No,None,96,36,18,26,2.63,39.56,42.19,0.375,0.1875,0.270833333,0.066481294
Eastern,FL,Caloosahatchee River,26.52715,-81.9561,Subtidal,No,None,85,30,20,19.6,2.52,28.14,30.66,0.352941176,0.235294118,0.230588235,0.089552239
Eastern,FL,Caloosahatchee River,26.52715,-81.9561,Subtidal,No,None,82,31,18,18.8,3.34,30.69,34.03,0.37804878,0.219512195,0.229268293,0.108830238
Eastern,FL,Caloosahatchee River,26.52715,-81.9561,Subtidal,No,None,96,35,17,20.8,2.92,31.95,34.87,0.364583333,0.177083333,0.216666667,0.091392801
Eastern,FL,Caloosahatchee River,26.52715,-81.9561,Subtidal,No,None,57,40,18,12,1.66,16.62,18.28,0.701754386,0.315789474,0.210526316,0.099879663
Eastern,FL,Caloosahatchee River,26.5134,-81.97923333,Intertidal,No,None,58,42,18,14.4,2.54,21.15,23.69,0.724137931,0.310344828,0.248275862,0.120094563
Eastern,FL,Caloosahatchee River,26.5134,-81.97923333,Intertidal,No,None,85,50,21,15.8,3.82,33.02,36.84,0.588235294,0.247058824,0.185882353,0.115687462
Eastern,FL,Caloosahatchee River,26.5134,-81.97923333,Intertidal,No,None,64,35,21,21.4,4.45,31.44,35.89,0.546875,0.328125,0.334375,0.14153944
Eastern,FL,Caloosahatchee River,26.5134,-81.97923333,Intertidal,No,None,81,41,22,37,4.73,57.78,62.51,0.50617284,0.271604938,0.456790123,0.081862236
Eastern,FL,Caloosahatchee River,26.5134,-81.97923333,Intertidal,No,None,70,41,21,21,3.14,33.37,36.51,0.585714286,0.3,0.3,0.094096494
Eastern,FL,Caloosahatchee River,26.5134,-81.97923333,Intertidal,No,None,97,54,21,46.4,7.16,66.88,74.04,0.556701031,0.216494845,0.478350515,0.107057416
Eastern,FL,Caloosahatchee River,26.5134,-81.97923333,Intertidal,No,None,82,46,18,23.8,3.59,38.96,42.55,0.56097561,0.219512195,0.290243902,0.092145791
Eastern,FL,Caloosahatchee River,26.5134,-81.97923333,Intertidal,No,None,92,43,18,25.6,2.84,39.52,42.36,0.467391304,0.195652174,0.27826087,0.071862348
Eastern,FL,Caloosahatchee River,26.51381667,-82.032733,Intertidal,No,None,45,30,14,5,1.09,8.46,9.55,0.666666667,0.311111111,0.111111111,0.128841608
Eastern,FL,Caloosahatchee River,26.51381667,-82.032733,Intertidal,No,None,56,34,11,6.6,1.77,11.35,13.12,0.607142857,0.196428571,0.117857143,0.155947137
Eastern,FL,Caloosahatchee River,26.51381667,-82.032733,Intertidal,No,None,50,23,18,7,1.74,9.71,11.45,0.46,0.36,0.14,0.179196704
Eastern,FL,Caloosahatchee River,26.51381667,-82.032733,Intertidal,No,None,59,36,18,15.8,2.53,21.34,23.87,0.610169492,0.305084746,0.26779661,0.118556701
Eastern,FL,Caloosahatchee River,26.51381667,-82.032733,Intertidal,No,None,50,38,19,10,1.75,16.17,17.92,0.76,0.38,0.2,0.108225108
Eastern,FL,Caloosahatchee River,26.51381667,-82.032733,Intertidal,No,None,70,40,21,13.6,2.72,20.62,23.34,0.571428571,0.3,0.194285714,0.131910766
Eastern,FL,Caloosahatchee River,26.51381667,-82.032733,Intertidal,No,None,60,34,20,9.8,1.76,15.59,17.35,0.566666667,0.333333333,0.163333333,0.11289288
Eastern,FL,Caloosahatchee River,26.51381667,-82.032733,Intertidal,No,None,64,42,23,20.8,3.1,34.86,37.96,0.65625,0.359375,0.325,0.088927137
Eastern,FL,Caloosahatchee River,26.49628333,-82.0056,Intertidal,No,None,48,38,17,13,2.08,14.5,16.58,0.791666667,0.354166667,0.270833333,0.143448276
Eastern,FL,Caloosahatchee River,26.49628333,-82.0056,Intertidal,No,None,44,24,14,6.2,1.24,8.29,9.53,0.545454545,0.318181818,0.140909091,0.149577805
Eastern,FL,Caloosahatchee River,26.49628333,-82.0056,Intertidal,No,None,50,28,9,5.4,1.11,8.52,9.63,0.56,0.18,0.108,0.13028169
Eastern,FL,Caloosahatchee River,26.49628333,-82.0056,Intertidal,No,None,59,34,16,11.4,2.85,14.96,17.81,0.576271186,0.271186441,0.193220339,0.190508021
Eastern,FL,Caloosahatchee River,26.49628333,-82.0056,Intertidal,No,None,54,34,15,13.8,2.07,10.75,12.82,0.62962963,0.277777778,0.255555556,0.19255814
Eastern,FL,Caloosahatchee River,26.49628333,-82.0056,Intertidal,No,None,60,36,27,16.2,1.83,17.57,19.4,0.6,0.45,0.27,0.104154809
Eastern,FL,Tampa Bay,27.70121667,-82.66276667,Intertidal,No,None,52,29,18,11.4,3.27,17.17,20.44,0.557692308,0.346153846,0.219230769,0.190448457
Eastern,FL,Tampa Bay,27.70121667,-82.66276667,Intertidal,No,None,60,26,12,10.6,2.01,10.25,12.26,0.433333333,0.2,0.176666667,0.196097561
Eastern,FL,Tampa Bay,27.70121667,-82.66276667,Intertidal,No,None,44,26,15,6.8,1.86,8.15,10.01,0.590909091,0.340909091,0.154545455,0.228220859
Eastern,FL,Tampa Bay,27.70121667,-82.66276667,Intertidal,No,None,66,30,17,11.8,3.02,16.42,19.44,0.454545455,0.257575758,0.178787879,0.183922046
Eastern,FL,Tampa Bay,27.70121667,-82.66276667,Intertidal,No,None,53,28,13,10,1.88,11.88,13.76,0.528301887,0.245283019,0.188679245,0.158249158
Eastern,FL,Tampa Bay,27.70121667,-82.66276667,Intertidal,No,None,71,34,16,16,4.43,26.03,30.46,0.478873239,0.225352113,0.225352113,0.170188244
Eastern,FL,Tampa Bay,27.65358333,-82.68081667,Intertidal,No,,68,40,21,14,3.33,21.64,24.97,0.588235294,0.308823529,0.205882353,0.153881701
Eastern,FL,Tampa Bay,27.65358333,-82.68081667,Intertidal,No,,57,40,15,11.6,2.61,14.88,17.49,0.701754386,0.263157895,0.203508772,0.175403226
Eastern,FL,Tampa Bay,27.65358333,-82.68081667,Intertidal,No,,56,36,13,12.2,2.41,15.88,18.29,0.642857143,0.232142857,0.217857143,0.151763224
Eastern,FL,Tampa Bay,27.65358333,-82.68081667,Intertidal,No,,71,32,13,15.4,3.51,19.59,23.1,0.450704225,0.183098592,0.216901408,0.179173047
Eastern,FL,Tampa Bay,27.65358333,-82.68081667,Intertidal,No,,60,36,22,15.4,3.36,18.94,22.3,0.6,0.366666667,0.256666667,0.177402323
Eastern,FL,Tampa Bay,27.65358333,-82.68081667,Intertidal,No,,71,42,23,18.2,5.22,26.84,32.06,0.591549296,0.323943662,0.256338028,0.194485842
Eastern,FL,Tampa Bay,27.64606667,-82.71323333,Intertidal,No,None,43,38,18,9,2.12,11.12,13.24,0.88372093,0.418604651,0.209302326,0.190647482
Eastern,FL,Tampa Bay,27.64606667,-82.71323333,Intertidal,No,None,52,31,14,9.2,2.53,14.41,16.94,0.596153846,0.269230769,0.176923077,0.175572519
Eastern,FL,Tampa Bay,27.64606667,-82.71323333,Intertidal,No,None,63,31,17,10.4,3.08,18,21.08,0.492063492,0.26984127,0.165079365,0.171111111
Eastern,FL,Tampa Bay,27.64606667,-82.71323333,Intertidal,No,None,60,38,16,16.4,3.59,20.04,23.63,0.633333333,0.266666667,0.273333333,0.179141717
Eastern,FL,Tampa Bay,27.64606667,-82.71323333,Intertidal,No,None,52,31,15,12.4,2.8,19.42,22.22,0.596153846,0.288461538,0.238461538,0.144181256
Eastern,FL,Tampa Bay,27.64606667,-82.71323333,Intertidal,No,None,70,35,19,16.2,4.02,23.3,27.32,0.5,0.271428571,0.231428571,0.172532189
Eastern,FL,Tampa Bay,27.73683333,-82.69275,Intertidal,No,None,63,34,18,14,2.9,15.53,18.43,0.53968254,0.285714286,0.222222222,0.186735351
Eastern,FL,Tampa Bay,27.73683333,-82.69275,Intertidal,No,None,53,30,17,9.8,1.95,12.68,14.63,0.566037736,0.320754717,0.18490566,0.153785489
Eastern,FL,Tampa Bay,27.73683333,-82.69275,Intertidal,No,None,53,35,18,11,2.97,15.02,17.99,0.660377358,0.339622642,0.20754717,0.197736352
Eastern,FL,Tampa Bay,27.73683333,-82.69275,Intertidal,No,None,60,43,17,15.4,4.14,16.88,21.02,0.716666667,0.283333333,0.256666667,0.245260664
Eastern,FL,Tampa Bay,27.73683333,-82.69275,Intertidal,No,None,62,34,13,13.4,2.42,13.66,16.08,0.548387097,0.209677419,0.216129032,0.17715959
Eastern,FL,Tampa Bay,27.73683333,-82.69275,Intertidal,No,None,75,39,17,17.4,4.25,25.16,29.41,0.52,0.226666667,0.232,0.168918919
Eastern,FL,Tampa Bay,27.84225,-82.60958333,Intertidal,No,None,58,46,16,15.2,4.75,21.02,25.77,0.793103448,0.275862069,0.262068966,0.225975262
Eastern,FL,Tampa Bay,27.84225,-82.60958333,Intertidal,No,None,81,43,21,28.6,9.49,43.19,52.68,0.530864198,0.259259259,0.35308642,0.219726789
Eastern,FL,Tampa Bay,27.84225,-82.60958333,Intertidal,No,None,63,37,23,17,5.91,26.21,32.12,0.587301587,0.365079365,0.26984127,0.225486456
Eastern,FL,Tampa Bay,27.84225,-82.60958333,Intertidal,No,None,87,57,22,35,7.7,48.8,56.5,0.655172414,0.252873563,0.402298851,0.157786885
Eastern,FL,Tampa Bay,27.84225,-82.60958333,Intertidal,No,None,71,37,17,17,5.6,20.33,25.93,0.521126761,0.23943662,0.23943662,0.275454993
Eastern,FL,Tampa Bay,27.84225,-82.60958333,Intertidal,No,None,95,51,30,52.6,13.67,67.44,81.11,0.536842105,0.315789474,0.553684211,0.202698695
Northern,LA,Calcasieu Lake,29.84333333,-93.31861111,Subtidal,Yes,,90,68,40,105.6,17.27,194.6,211.87,0.755555556,0.444444444,1.173333333,0.088746146
Northern,LA,Calcasieu Lake,29.84333333,-93.31861111,Subtidal,Yes,,105,73,39,118.6,20.01,203.29,223.3,0.695238095,0.371428571,1.12952381,0.098430813
Northern,LA,Calcasieu Lake,29.84333333,-93.31861111,Subtidal,Yes,,95,76,39,114.8,20.66,199.98,220.64,0.8,0.410526316,1.208421053,0.103310331
Northern,LA,Calcasieu Lake,29.84333333,-93.31861111,Subtidal,Yes,,78,64,41,77.4,12.64,144.18,156.82,0.820512821,0.525641026,0.992307692,0.087668193
Northern,LA,Calcasieu Lake,29.84333333,-93.31861111,Subtidal,Yes,,87,61,42,103.4,16.27,190.78,207.05,0.701149425,0.482758621,1.188505747,0.085281476
Northern,LA,Calcasieu Lake,29.84333333,-93.31861111,Subtidal,Yes,,120,73,42,150,25.15,272.68,297.83,0.608333333,0.35,1.25,0.092232654
Northern,LA,Calcasieu Lake,29.84333333,-93.31861111,Subtidal,Yes,,98,67,38,92.2,16.67,167.37,184.04,0.683673469,0.387755102,0.940816327,0.099599689
Northern,LA,Calcasieu Lake,29.84333333,-93.31861111,Subtidal,Yes,,95,71,46,135,25.31,234.72,260.03,0.747368421,0.484210526,1.421052632,0.107830607
Northern,LA,Calcasieu Lake,29.84333333,-93.31861111,Subtidal,Yes,,91,75,46,135.4,22.3,226.83,249.13,0.824175824,0.505494505,1.487912088,0.098311511
Northern,LA,Calcasieu Lake,29.84333333,-93.31861111,Subtidal,Yes,,108,93,50,200,28.05,354.26,382.31,0.861111111,0.462962963,1.851851852,0.079179134
Northern,LA,Calcasieu Lake,29.84333333,-93.31861111,Subtidal,Yes,,85,72,31,74,14.07,146.24,160.31,0.847058824,0.364705882,0.870588235,0.096211707
Northern,LA,Calcasieu Lake,29.84333333,-93.31861111,Subtidal,Yes,,89,72,40,95.8,15.85,190.31,206.16,0.808988764,0.449438202,1.076404494,0.083285166
Northern,LA,Calcasieu Lake,29.84333333,-93.31861111,Subtidal,Yes,,90,61,30,60.8,11.22,124.01,135.23,0.677777778,0.333333333,0.675555556,0.090476574
Northern,LA,Calcasieu Lake,29.84333333,-93.31861111,Subtidal,Yes,,91,60,37,84.2,16.52,153.3,169.82,0.659340659,0.406593407,0.925274725,0.107762557
Northern,LA,Calcasieu Lake,29.84333333,-93.31861111,Subtidal,Yes,,90,68,30,80,14.23,141.22,155.45,0.755555556,0.333333333,0.888888889,0.100764764
Northern,LA,Calcasieu Lake,29.84333333,-93.31861111,Subtidal,Yes,,93,68,37,108.2,18.17,192.64,210.81,0.731182796,0.397849462,1.16344086,0.094321013
Northern,LA,Calcasieu Lake,29.84333333,-93.31861111,Subtidal,Yes,,75,63,35,69.8,12.14,123.29,135.43,0.84,0.466666667,0.930666667,0.098467029
Northern,LA,Calcasieu Lake,29.84333333,-93.31861111,Subtidal,Yes,,82,72,38,100,16.66,171.44,188.1,0.87804878,0.463414634,1.219512195,0.097176855
Northern,LA,Calcasieu Lake,29.84333333,-93.31861111,Subtidal,Yes,,88,66,33,79.8,13.83,143,156.83,0.75,0.375,0.906818182,0.096713287
Northern,LA,Calcasieu Lake,29.84333333,-93.31861111,Subtidal,Yes,,88,71,35,92.6,18.18,165.73,183.91,0.806818182,0.397727273,1.052272727,0.109696494
Northern,LA,Calcasieu Lake,29.84333333,-93.31861111,Subtidal,Yes,,75,86,37,74.2,17.28,123.64,140.92,1.146666667,0.493333333,0.989333333,0.139760595
Northern,LA,Calcasieu Lake,29.84333333,-93.31861111,Subtidal,Yes,,77,63,38,76.4,14.06,141.95,156.01,0.818181818,0.493506494,0.992207792,0.099048961
Northern,LA,Calcasieu Lake,29.84333333,-93.31861111,Subtidal,Yes,,80,64,35,77.4,14.03,149.37,163.4,0.8,0.4375,0.9675,0.09392783
Northern,LA,Calcasieu Lake,29.84333333,-93.31861111,Subtidal,Yes,,76,59,37,66.2,10.95,135.05,146,0.776315789,0.486842105,0.871052632,0.081081081
Northern,LA,Calcasieu Lake,29.84333333,-93.31861111,Subtidal,Yes,,79,65,35,65,13.79,120.41,134.2,0.82278481,0.443037975,0.82278481,0.114525372
Northern,LA,Calcasieu Lake,29.84333333,-93.31861111,Subtidal,Yes,,71,54,35,59,8.71,111.92,120.63,0.76056338,0.492957746,0.830985915,0.077823445
Northern,LA,Calcasieu Lake,29.84333333,-93.31861111,Subtidal,Yes,,76,54,33,44.4,7.32,79.5,86.82,0.710526316,0.434210526,0.584210526,0.092075472
Northern,LA,Calcasieu Lake,29.84333333,-93.31861111,Subtidal,Yes,,65,55,12,40,6.11,63.95,70.06,0.846153846,0.184615385,0.615384615,0.095543393
Northern,LA,Calcasieu Lake,29.84333333,-93.31861111,Subtidal,Yes,,56,51,28,33.6,5.7,55.31,61.01,0.910714286,0.5,0.6,0.103055505
Northern,LA,Calcasieu Lake,29.84333333,-93.31861111,Subtidal,Yes,,52,43,21,19,3.34,36.28,39.62,0.826923077,0.403846154,0.365384615,0.092061742
Northern,TX-Upper,San Antonio Bay,28.30411111,-96.62822222,Subtidal,Yes,,54,50,,,3.28,,,0.925925926,,,
Northern,TX-Upper,San Antonio Bay,28.30411111,-96.62822222,Subtidal,Yes,,56,22,,,0.34,,,0.392857143,,,
Northern,TX-Upper,San Antonio Bay,28.30411111,-96.62822222,Subtidal,Yes,,50,49,,,1.77,,,0.98,,,
Northern,TX-Upper,San Antonio Bay,28.30411111,-96.62822222,Subtidal,Yes,,58,37,,,2.34,,,0.637931034,,,
Northern,TX-Upper,San Antonio Bay,28.30411111,-96.62822222,Subtidal,Yes,,36,26,,,1.24,,,0.722222222,,,
Northern,TX-Upper,San Antonio Bay,28.30411111,-96.62822222,Subtidal,Yes,,41,33,,,1.27,,,0.804878049,,,
Northern,TX-Upper,San Antonio Bay,28.30411111,-96.62822222,Subtidal,Yes,,35,28,9,2,0.78,8.05,8.83,0.8,0.257142857,0.057142857,0.09689441
Northern,TX-Upper,San Antonio Bay,28.30411111,-96.62822222,Subtidal,Yes,,58,43,20,15.2,2.82,27.47,30.29,0.74137931,0.344827586,0.262068966,0.102657444
Northern,TX-Upper,San Antonio Bay,28.30411111,-96.62822222,Subtidal,Yes,,52,45,13,12,1.93,18.36,20.29,0.865384615,0.25,0.230769231,0.105119826
Northern,TX-Upper,San Antonio Bay,28.30411111,-96.62822222,Subtidal,Yes,,51,43,16,14,2.08,23.01,25.09,0.843137255,0.31372549,0.274509804,0.09039548
Northern,TX-Upper,San Antonio Bay,28.30411111,-96.62822222,Subtidal,Yes,,30,21,11,1.8,0.46,4.08,4.54,0.7,0.366666667,0.06,0.112745098
Northern,TX-Upper,San Antonio Bay,28.30411111,-96.62822222,Subtidal,Yes,,55,44,23,21.6,4.43,41.87,46.3,0.8,0.418181818,0.392727273,0.105803678
Northern,TX-Upper,San Antonio Bay,28.30411111,-96.62822222,Subtidal,Yes,,105,65,43,113.8,14.01,204.27,218.28,0.619047619,0.40952381,1.083809524,0.068585695
Northern,TX-Upper,San Antonio Bay,28.30411111,-96.62822222,Subtidal,Yes,,114,79,43,120.8,16.12,219.01,235.13,0.692982456,0.377192982,1.059649123,0.073603945
Northern,TX-Upper,San Antonio Bay,28.30411111,-96.62822222,Subtidal,Yes,,102,74,41,121,16.9,206.13,223.03,0.725490196,0.401960784,1.18627451,0.081987096
Northern,TX-Upper,San Antonio Bay,28.30411111,-96.62822222,Subtidal,Yes,,106,89,39,100,11.15,189.59,200.74,0.839622642,0.367924528,0.943396226,0.058811119
Northern,TX-Upper,San Antonio Bay,28.30411111,-96.62822222,Subtidal,Yes,,102,79,38,89,12.52,188.59,201.11,0.774509804,0.37254902,0.87254902,0.066387401
Northern,TX-Upper,San Antonio Bay,28.30411111,-96.62822222,Subtidal,Yes,,107,74,41,85,10.68,177.7,188.38,0.691588785,0.38317757,0.794392523,0.060101294
Northern,TX-Upper,San Antonio Bay,28.30411111,-96.62822222,Subtidal,Yes,,126,65,32,104.4,14.85,179.05,193.9,0.515873016,0.253968254,0.828571429,0.082937727
Northern,TX-Upper,San Antonio Bay,28.30411111,-96.62822222,Subtidal,Yes,,101,82,41,114.2,18.92,182.26,201.18,0.811881188,0.405940594,1.130693069,0.103807747
Northern,TX-Upper,San Antonio Bay,28.30411111,-96.62822222,Subtidal,Yes,,106,80,46,100,12.56,192.33,204.89,0.754716981,0.433962264,0.943396226,0.065304425
Northern,TX-Upper,San Antonio Bay,28.30411111,-96.62822222,Subtidal,Yes,,112,76,39,107.8,13.943,191.937,205.88,0.678571429,0.348214286,0.9625,0.072643628
Northern,TX-Upper,San Antonio Bay,28.30411111,-96.62822222,Subtidal,Yes,,106,70,42,100,11.53,198.51,210.04,0.660377358,0.396226415,0.943396226,0.058082716
Northern,TX-Upper,San Antonio Bay,28.30411111,-96.62822222,Subtidal,Yes,,101,67,39,83,12.32,166.88,179.2,0.663366337,0.386138614,0.821782178,0.073825503
Northern,TX-Upper,San Antonio Bay,28.30411111,-96.62822222,Subtidal,Yes,,90,72,35,77,12.1,126.45,138.55,0.8,0.388888889,0.855555556,0.095689996
Northern,TX-Upper,San Antonio Bay,28.30411111,-96.62822222,Subtidal,Yes,,75,60,39,60,7.84,125.59,133.43,0.8,0.52,0.8,0.062425352
Northern,TX-Upper,San Antonio Bay,28.30411111,-96.62822222,Subtidal,Yes,,86,51,26,39.6,7.42,76.77,84.19,0.593023256,0.302325581,0.460465116,0.096652338
Northern,TX-Upper,San Antonio Bay,28.30411111,-96.62822222,Subtidal,Yes,,81,54,40,48.2,7.35,83.95,91.3,0.666666667,0.49382716,0.595061728,0.087552114
Northern,TX-Upper,San Antonio Bay,28.30411111,-96.62822222,Subtidal,Yes,,66,54,37,42.2,6.11,79.34,85.45,0.818181818,0.560606061,0.639393939,0.077010335
Northern,TX-Upper,San Antonio Bay,28.30411111,-96.62822222,Subtidal,Yes,,58,53,21,23.4,3.16,48.48,51.64,0.913793103,0.362068966,0.403448276,0.065181518
Northern,TX-Upper,Galveston Bay,29.53805556,-94.88555556,Subtidal,Yes,,74,68,37,70.2,14.9,128,142.9,0.918918919,0.5,0.948648649,0.11640625
Northern,TX-Upper,Galveston Bay,29.53805556,-94.88555556,Subtidal,Yes,,91,54,32,63,12.49,120.68,133.17,0.593406593,0.351648352,0.692307692,0.103496851
Northern,TX-Upper,Galveston Bay,29.53805556,-94.88555556,Subtidal,Yes,,85,64,37,72,11.19,126.25,137.44,0.752941176,0.435294118,0.847058824,0.088633663
Northern,TX-Upper,Galveston Bay,29.53805556,-94.88555556,Subtidal,Yes,,56,52,35,40.2,6.37,76.19,82.56,0.928571429,0.625,0.717857143,0.083606773
Northern,TX-Upper,Galveston Bay,29.53805556,-94.88555556,Subtidal,Yes,,64,56,31,39.8,7.78,68.62,76.4,0.875,0.484375,0.621875,0.113378024
Northern,TX-Upper,Galveston Bay,29.53805556,-94.88555556,Subtidal,Yes,,61,38,21,22.4,5.22,40.08,45.3,0.62295082,0.344262295,0.367213115,0.130239521
Northern,AL,Mississippi Sound,30.30344444,-88.16108333,Subtidal,Yes,,107,77,38,118.8,22.12,198.17,220.29,0.719626168,0.355140187,1.110280374,0.111621335
Northern,AL,Mississippi Sound,30.30344444,-88.16108333,Subtidal,Yes,,124,77,42,125.8,22.83,207.89,230.72,0.620967742,0.338709677,1.014516129,0.109817692
Northern,AL,Mississippi Sound,30.30344444,-88.16108333,Subtidal,Yes,,118,71,38,124.8,25.15,172.83,197.98,0.601694915,0.322033898,1.057627119,0.145518718
Northern,AL,Mississippi Sound,30.30344444,-88.16108333,Subtidal,Yes,,107,80,42,108.2,18.75,186.32,205.07,0.747663551,0.392523364,1.011214953,0.100633319
Northern,AL,Mississippi Sound,30.30344444,-88.16108333,Subtidal,Yes,,103,72,36,100,16.1,179.43,195.53,0.699029126,0.349514563,0.970873786,0.089728585
Northern,AL,Mississippi Sound,30.30344444,-88.16108333,Subtidal,Yes,,95,74,41,102,17.9,185.2,203.1,0.778947368,0.431578947,1.073684211,0.096652268
Northern,AL,Mississippi Sound,30.30344444,-88.16108333,Subtidal,Yes,,99,74,38,95.6,12.88,187.23,200.11,0.747474747,0.383838384,0.965656566,0.068792394
Northern,AL,Mississippi Sound,30.30344444,-88.16108333,Subtidal,Yes,,97,80,42,103.8,22.01,178.01,200.02,0.824742268,0.432989691,1.070103093,0.123644739
Northern,AL,Mississippi Sound,30.30344444,-88.16108333,Subtidal,Yes,,100,83,37,108.6,18.17,188.19,206.36,0.83,0.37,1.086,0.096551358
Northern,AL,Mississippi Sound,30.30344444,-88.16108333,Subtidal,Yes,,101,66,50,113.2,22.93,182.35,205.28,0.653465347,0.495049505,1.120792079,0.125747189
Northern,AL,Mississippi Sound,30.30344444,-88.16108333,Subtidal,Yes,,94,57,37,87.6,16.18,158,174.18,0.606382979,0.393617021,0.931914894,0.102405063
Northern,AL,Mississippi Sound,30.30344444,-88.16108333,Subtidal,Yes,,91,58,30,72.4,,149.2,149.2,0.637362637,0.32967033,0.795604396,
Northern,AL,Mississippi Sound,30.30344444,-88.16108333,Subtidal,Yes,,89,50,33,78,16.51,136.2,152.71,0.561797753,0.370786517,0.876404494,0.121218796
Northern,AL,Mississippi Sound,30.30344444,-88.16108333,Subtidal,Yes,,90,61,36,74.6,13.05,153.68,166.73,0.677777778,0.4,0.828888889,0.08491671
Northern,AL,Mississippi Sound,30.30344444,-88.16108333,Subtidal,Yes,,85,67,36,83.4,16.07,143.88,159.95,0.788235294,0.423529412,0.981176471,0.111690297
Northern,AL,Mississippi Sound,30.30344444,-88.16108333,Subtidal,Yes,,88,75,39,92,22.1,161.05,183.15,0.852272727,0.443181818,1.045454545,0.137224464
Northern,AL,Mississippi Sound,30.30344444,-88.16108333,Subtidal,Yes,,101,66,37,91.4,12.56,184.8,197.36,0.653465347,0.366336634,0.904950495,0.067965368
Northern,AL,Mississippi Sound,30.30344444,-88.16108333,Subtidal,Yes,,101,69,39,87.6,16.75,136.54,153.29,0.683168317,0.386138614,0.867326733,0.122674674
Northern,AL,Mississippi Sound,30.30344444,-88.16108333,Subtidal,Yes,,94,68,41,100,24.2,154.82,179.02,0.723404255,0.436170213,1.063829787,0.156310554
Northern,AL,Mississippi Sound,30.30344444,-88.16108333,Subtidal,Yes,,94,69,35,74,17.25,96.37,113.62,0.734042553,0.372340426,0.787234043,0.178997613
Northern,AL,Mississippi Sound,30.30344444,-88.16108333,Subtidal,Yes,,86,74,37,88.2,18.28,155.31,173.59,0.860465116,0.430232558,1.025581395,0.117700084
Northern,AL,Mississippi Sound,30.30344444,-88.16108333,Subtidal,Yes,,89,64,45,91.6,18.19,162.88,181.07,0.719101124,0.505617978,1.029213483,0.111677308
Northern,AL,Mississippi Sound,30.30344444,-88.16108333,Subtidal,Yes,,86,69,39,88.6,16.4,157.75,174.15,0.802325581,0.453488372,1.030232558,0.103961965
Northern,AL,Mississippi Sound,30.30344444,-88.16108333,Subtidal,Yes,,84,67,37,81.6,14.64,153.86,168.5,0.797619048,0.44047619,0.971428571,0.095151436
Northern,AL,Mississippi Sound,30.30344444,-88.16108333,Subtidal,Yes,,82,61,24,58.6,13.81,98.17,111.98,0.743902439,0.292682927,0.714634146,0.14067434
Northern,AL,Mississippi Sound,30.30344444,-88.16108333,Subtidal,Yes,,84,59,28,61.8,11.77,112.4,124.17,0.702380952,0.333333333,0.735714286,0.104715302
Northern,AL,Mississippi Sound,30.30344444,-88.16108333,Subtidal,Yes,,84,73,35,81.8,20.44,126.81,147.25,0.869047619,0.416666667,0.973809524,0.161186026
Northern,AL,Mississippi Sound,30.30344444,-88.16108333,Subtidal,Yes,,81,71,42,73,12.62,138.95,151.57,0.87654321,0.518518519,0.901234568,0.090824037
Northern,AL,Mississippi Sound,30.30344444,-88.16108333,Subtidal,Yes,,77,62,23,47.4,9.25,86.01,95.26,0.805194805,0.298701299,0.615584416,0.107545634
Northern,AL,Mississippi Sound,30.30344444,-88.16108333,Subtidal,Yes,,86,53,23,48.4,13.59,67.84,81.43,0.61627907,0.26744186,0.562790698,0.200324292
Northern,AL,Mississippi Sound,30.30344444,-88.16108333,Subtidal,Yes,,96,69,39,104.8,18.95,183.84,202.79,0.71875,0.40625,1.091666667,0.103078764
Northern,TX-Upper,Aransas Bay,28.058367,-96.955935,Subtidal,Yes,,99,65,36,87.6,13.21,172,185.21,0.656565657,0.363636364,0.884848485,0.076802326
Northern,TX-Upper,Aransas Bay,28.058367,-96.955935,Subtidal,Yes,,82,64,34,62.6,11.06,129.46,140.52,0.780487805,0.414634146,0.763414634,0.085431794
Northern,TX-Upper,Aransas Bay,28.058367,-96.955935,Subtidal,Yes,,82,63,34,70.6,13.93,128.47,142.4,0.768292683,0.414634146,0.86097561,0.108429984
Northern,TX-Upper,Aransas Bay,28.058367,-96.955935,Subtidal,Yes,,83,56,39,71.4,10.28,133.21,143.49,0.674698795,0.469879518,0.860240964,0.077171384
Northern,TX-Upper,Aransas Bay,28.058367,-96.955935,Subtidal,Yes,,79,63,33,59,9.45,116.59,126.04,0.797468354,0.417721519,0.746835443,0.081053264
Northern,TX-Upper,Aransas Bay,28.058367,-96.955935,Subtidal,Yes,,91,64,34,77.4,10.7,135.41,146.11,0.703296703,0.373626374,0.850549451,0.079019275
Northern,TX-Upper,Aransas Bay,28.058367,-96.955935,Subtidal,Yes,,83,62,32,60.8,10.18,113.4,123.58,0.746987952,0.385542169,0.73253012,0.089770723
Northern,TX-Upper,Aransas Bay,28.058367,-96.955935,Subtidal,Yes,,80,58,35,65.6,9.28,120.85,130.13,0.725,0.4375,0.82,0.076789408
Northern,TX-Upper,Aransas Bay,28.058367,-96.955935,Subtidal,Yes,,72,63,30,50,7.01,97.8,104.81,0.875,0.416666667,0.694444444,0.071676892
Northern,TX-Upper,Aransas Bay,28.058367,-96.955935,Subtidal,Yes,,71,52,36,60.6,8.91,111.48,120.39,0.732394366,0.507042254,0.853521127,0.07992465
Northern,TX-Upper,Aransas Bay,28.058367,-96.955935,Subtidal,Yes,,67,50,25,32.2,5.25,69.16,74.41,0.746268657,0.373134328,0.480597015,0.075910931
Northern,TX-Upper,Aransas Bay,28.058367,-96.955935,Subtidal,Yes,,79,61,26,50,7.12,92.2,99.32,0.772151899,0.329113924,0.632911392,0.077223427
Northern,TX-Upper,Aransas Bay,28.058367,-96.955935,Subtidal,Yes,,62,56,30,34.6,4.75,71.29,76.04,0.903225806,0.483870968,0.558064516,0.066629261
Northern,TX-Upper,Aransas Bay,28.058367,-96.955935,Subtidal,Yes,,70,52,34,50.4,7.96,100.71,108.67,0.742857143,0.485714286,0.72,0.079038824
Northern,TX-Upper,Aransas Bay,28.058367,-96.955935,Subtidal,Yes,,71,54,32,50,6.85,96.2,103.05,0.76056338,0.450704225,0.704225352,0.071205821
Northern,TX-Upper,Galveston Bay,29.535,-94.88333333,Subtidal,Yes,,113,75,54,200,31.86,297.08,328.94,0.663716814,0.477876106,1.769911504,0.10724384
Northern,TX-Upper,Galveston Bay,29.535,-94.88333333,Subtidal,Yes,,99,69,51,11.2,19.33,194.24,213.57,0.696969697,0.515151515,0.113131313,0.099516063
Northern,TX-Upper,Galveston Bay,29.535,-94.88333333,Subtidal,Yes,,98,75,38,102.8,19.98,183.66,203.64,0.765306122,0.387755102,1.048979592,0.108787978
Northern,TX-Upper,Galveston Bay,29.535,-94.88333333,Subtidal,Yes,,98,67,38,90,16.6,177.36,193.96,0.683673469,0.387755102,0.918367347,0.093594948
Northern,TX-Upper,Galveston Bay,29.535,-94.88333333,Subtidal,Yes,,74,79,55,110.6,19.99,178.01,198,1.067567568,0.743243243,1.494594595,0.112297062
Northern,TX-Upper,Galveston Bay,29.535,-94.88333333,Subtidal,Yes,,91,75,39,100,17.42,172.3,189.72,0.824175824,0.428571429,1.098901099,0.101102728
Northern,TX-Upper,Galveston Bay,29.535,-94.88333333,Subtidal,Yes,,98,63,34,84.8,12.89,161.44,174.33,0.642857143,0.346938776,0.865306122,0.079843905
Northern,TX-Upper,Galveston Bay,29.535,-94.88333333,Subtidal,Yes,,75,55,27,36,9.55,72.17,81.72,0.733333333,0.36,0.48,0.132326451
Northern,TX-Upper,Galveston Bay,29.535,-94.88333333,Subtidal,Yes,,67,67,27,44.6,11.19,72.43,83.62,1,0.402985075,0.665671642,0.154493994
Northern,TX-Upper,Galveston Bay,29.535,-94.88333333,Subtidal,Yes,,82,44,21,39.8,7.48,75.52,83,0.536585366,0.256097561,0.485365854,0.09904661
Northern,TX-Upper,Galveston Bay,29.535,-94.88333333,Subtidal,Yes,,62,54,30,43.4,7.46,83.5,90.96,0.870967742,0.483870968,0.7,0.089341317
Northern,TX-Upper,Galveston Bay,29.535,-94.88333333,Subtidal,Yes,,53,44,18,15.8,3.11,25.74,28.85,0.830188679,0.339622642,0.298113208,0.120823621
Northern,TX-Upper,Galveston Bay,29.535,-94.88333333,Subtidal,Yes,,40,28,10,5.4,1.43,8.7,10.13,0.7,0.25,0.135,0.164367816
Northern,TX-Upper,Galveston Bay,29.535,-94.88333333,Subtidal,Yes,,27,28,5,3.8,0.15,3.79,3.94,1.037037037,0.185185185,0.140740741,0.039577836
Northern,TX-Upper,Galveston Bay,29.535,-94.88333333,Subtidal,Yes,,28,26,7,2,0.54,4.35,4.89,0.928571429,0.25,0.071428571,0.124137931
Northern,TX-Upper,Galveston Bay,29.53805556,-94.88555556,Subtidal,Yes,,107,71,42,200,25.29,261.77,287.06,0.663551402,0.392523364,1.869158879,0.096611529
Northern,TX-Upper,Galveston Bay,29.53805556,-94.88555556,Subtidal,Yes,,98,75,48,163.2,16.14,260.02,276.16,0.765306122,0.489795918,1.665306122,0.062072148
Northern,TX-Upper,Galveston Bay,29.53805556,-94.88555556,Subtidal,Yes,,112,61,41,154.2,23.92,280.31,304.23,0.544642857,0.366071429,1.376785714,0.085334094
Northern,TX-Upper,Galveston Bay,29.53805556,-94.88555556,Subtidal,Yes,,100,65,48,129.2,22.57,212,234.57,0.65,0.48,1.292,0.106462264
Northern,TX-Upper,Galveston Bay,29.53805556,-94.88555556,Subtidal,Yes,,94,69,58,126.4,22.08,206.88,228.96,0.734042553,0.617021277,1.344680851,0.106728538
Northern,TX-Upper,Galveston Bay,29.53805556,-94.88555556,Subtidal,Yes,,93,62,39,80.4,13.12,153.7,166.82,0.666666667,0.419354839,0.864516129,0.085361093
Northern,TX-Upper,Galveston Bay,29.53805556,-94.88555556,Subtidal,Yes,,92,72,37,73.8,13.35,147.98,161.33,0.782608696,0.402173913,0.802173913,0.090214894
Northern,TX-Upper,Galveston Bay,29.53805556,-94.88555556,Subtidal,Yes,,79,71,43,82.8,16.1,151.17,167.27,0.898734177,0.544303797,1.048101266,0.106502613
Northern,TX-Upper,Galveston Bay,29.53805556,-94.88555556,Subtidal,Yes,,60,48,33,33.4,6.6,58.87,65.47,0.8,0.55,0.556666667,0.112111432
Northern,TX-Upper,Sabine Lake,29.784167,-93.91611111,Subtidal,Yes,,56,47,,,5.36,,,0.839285714,,,
Northern,TX-Upper,Sabine Lake,29.784167,-93.91611111,Subtidal,Yes,,51,27,18,,2.95,,,0.529411765,0.352941176,,
Northern,TX-Upper,Sabine Lake,29.784167,-93.91611111,Subtidal,Yes,,63,41,20,,7.33,,,0.650793651,0.317460317,,
Northern,TX-Upper,Sabine Lake,29.784167,-93.91611111,Subtidal,Yes,,48,36,19,,2.07,12.23,14.3,0.75,0.395833333,,0.169255928
Northern,TX-Upper,Sabine Lake,29.784167,-93.91611111,Subtidal,Yes,,50,39,,,0.75,,,0.78,,,
Northern,TX-Upper,Sabine Lake,29.784167,-93.91611111,Subtidal,Yes,,82,49,,,10.29,,,0.597560976,,,
Northern,TX-Upper,Sabine Lake,29.784167,-93.91611111,Subtidal,Yes,,55,48,23,20,4.33,36.17,40.5,0.872727273,0.418181818,0.363636364,0.119712469
Northern,TX-Upper,Sabine Lake,29.784167,-93.91611111,Subtidal,Yes,,42,32,,,3.66,,,0.761904762,,,
Northern,TX-Upper,Sabine Lake,29.784167,-93.91611111,Subtidal,Yes,,29,31,,,0.7,,,1.068965517,,,
Northern,TX-Upper,Sabine Lake,29.784167,-93.91611111,Subtidal,Yes,,81,58,38,109,11.16,220.48,231.64,0.716049383,0.469135802,1.345679012,0.050616836
Northern,TX-Upper,Sabine Lake,29.784167,-93.91611111,Subtidal,Yes,,102,67,48,,14.26,186.88,201.14,0.656862745,0.470588235,,0.076305651
Northern,TX-Upper,Sabine Lake,29.784167,-93.91611111,Subtidal,Yes,,101,61,40,93.8,19.08,148.25,167.33,0.603960396,0.396039604,0.928712871,0.128701518
Northern,TX-Upper,Sabine Lake,29.784167,-93.91611111,Subtidal,Yes,,80,45,55,66.8,10.63,191.61,202.24,0.5625,0.6875,0.835,0.055477272
Northern,TX-Upper,Sabine Lake,29.784167,-93.91611111,Subtidal,Yes,,93,67,47,70,14.88,195.4,210.28,0.720430108,0.505376344,0.752688172,0.076151484
Northern,TX-Upper,Sabine Lake,29.784167,-93.91611111,Subtidal,Yes,,87,59,49,77.6,4.18,181.07,185.25,0.67816092,0.563218391,0.891954023,0.023084995
Northern,TX-Upper,Sabine Lake,29.784167,-93.91611111,Subtidal,Yes,,82,61,41,58.2,12.59,203.56,216.15,0.743902439,0.5,0.709756098,0.061849086
Northern,TX-Upper,Sabine Lake,29.784167,-93.91611111,Subtidal,Yes,,98,73,36,69.6,14.19,127.93,142.12,0.744897959,0.367346939,0.710204082,0.110920034
Northern,TX-Upper,Sabine Lake,29.784167,-93.91611111,Subtidal,Yes,,90,71,42,93.4,14.29,140.21,154.5,0.788888889,0.466666667,1.037777778,0.101918551
Northern,TX-Upper,Sabine Lake,29.784167,-93.91611111,Subtidal,Yes,,81,62,35,69.2,15.87,109.45,125.32,0.765432099,0.432098765,0.854320988,0.144997716
Northern,TX-Upper,Sabine Lake,29.784167,-93.91611111,Subtidal,Yes,,76,62,32,65,9.39,118.97,128.36,0.815789474,0.421052632,0.855263158,0.078927461
Northern,TX-Upper,Sabine Lake,29.784167,-93.91611111,Subtidal,Yes,,85,63,44,97.8,12.71,179.23,191.94,0.741176471,0.517647059,1.150588235,0.070914467
Northern,TX-Upper,Sabine Lake,29.784167,-93.91611111,Subtidal,Yes,,81,56,39,79.6,12.68,147.68,160.36,0.691358025,0.481481481,0.982716049,0.085861322
Northern,TX-Upper,Sabine Lake,29.784167,-93.91611111,Subtidal,Yes,,70,46,37,39.4,6.89,86.57,93.46,0.657142857,0.528571429,0.562857143,0.079588772
Northern,TX-Upper,Sabine Lake,29.784167,-93.91611111,Subtidal,Yes,,70,56,33,37.4,5.79,64.02,69.81,0.8,0.471428571,0.534285714,0.090440487
Northern,TX-Upper,Sabine Lake,29.784167,-93.91611111,Subtidal,Yes,,60,43,29,29.6,6.09,49.62,55.71,0.716666667,0.483333333,0.493333333,0.122732769
Northern,TX-Upper,Sabine Lake,29.784167,-93.91611111,Subtidal,Yes,,74,50,22,27.8,7.33,45.64,52.97,0.675675676,0.297297297,0.375675676,0.160604733
Northern,TX-Upper,Sabine Lake,29.784167,-93.91611111,Subtidal,Yes,,46,40,20,16.2,3.17,27.81,30.98,0.869565217,0.434782609,0.352173913,0.113987774
Northern,TX-Upper,Sabine Lake,29.784167,-93.91611111,Subtidal,Yes,,55,44,24,23.6,4.7,40.48,45.18,0.8,0.436363636,0.429090909,0.116106719
Northern,TX-Upper,Sabine Lake,29.784167,-93.91611111,Subtidal,Yes,,51,50,23,20,3.08,35.88,38.96,0.980392157,0.450980392,0.392156863,0.085841695
Northern,TX-Upper,Sabine Lake,29.784167,-93.91611111,Subtidal,Yes,,55,40,21,15.2,4.3,27.84,32.14,0.727272727,0.381818182,0.276363636,0.154454023
Northern,LA,Sister Lake,29.23942972,-90.9115,Subtidal,Yes,,89,63,32,83,16.37,148.93,165.3,0.707865169,0.359550562,0.93258427,0.109917411
Northern,LA,Sister Lake,29.23942972,-90.9115,Subtidal,Yes,,78,64,32,68,12.08,135.57,147.65,0.820512821,0.41025641,0.871794872,0.089105259
Northern,LA,Sister Lake,29.23942972,-90.9115,Subtidal,Yes,,84,62,34,83.6,15.82,151.26,167.08,0.738095238,0.404761905,0.995238095,0.104588126
Northern,LA,Sister Lake,29.23942972,-90.9115,Subtidal,Yes,,92,63,45,93.2,14.04,181.72,195.76,0.684782609,0.489130435,1.013043478,0.077261721
Northern,LA,Sister Lake,29.23942972,-90.9115,Subtidal,Yes,,75,65,36,63.6,12.35,113.22,125.57,0.866666667,0.48,0.848,0.109079668
Northern,LA,Sister Lake,29.23942972,-90.9115,Subtidal,Yes,,78,58,40,73.4,13.1,146.23,159.33,0.743589744,0.512820513,0.941025641,0.0895849
Northern,LA,Sister Lake,29.23942972,-90.9115,Subtidal,Yes,,81,62,37,69.8,12.08,132.19,144.27,0.765432099,0.456790123,0.861728395,0.091383614
Northern,LA,Sister Lake,29.23942972,-90.9115,Subtidal,Yes,,73,61,35,62,11.47,123.29,134.76,0.835616438,0.479452055,0.849315068,0.093032687
Northern,LA,Sister Lake,29.23942972,-90.9115,Subtidal,Yes,,77,65,29,59.8,14.51,103.74,118.25,0.844155844,0.376623377,0.776623377,0.139868903
Northern,LA,Sister Lake,29.23942972,-90.9115,Subtidal,Yes,,75,59,30,55.8,12,103.65,115.65,0.786666667,0.4,0.744,0.11577424
Northern,LA,Sister Lake,29.23942972,-90.9115,Subtidal,Yes,,72,58,37,69.2,14.31,119.49,133.8,0.805555556,0.513888889,0.961111111,0.119758976
Northern,LA,Sister Lake,29.23942972,-90.9115,Subtidal,Yes,,80,61,29,57.6,14.13,94.21,108.34,0.7625,0.3625,0.72,0.149984078
Northern,LA,Sister Lake,29.23942972,-90.9115,Subtidal,Yes,,68,60,32,53.6,9.37,104.04,113.41,0.882352941,0.470588235,0.788235294,0.090061515
Northern,LA,Sister Lake,29.23942972,-90.9115,Subtidal,Yes,,82,59,36,64.8,10.65,116.58,127.23,0.719512195,0.43902439,0.790243902,0.091353577
Northern,LA,Sister Lake,29.23942972,-90.9115,Subtidal,Yes,,75,64,29,57.8,10.33,102.43,112.76,0.853333333,0.386666667,0.770666667,0.100849361
Northern,LA,Sister Lake,29.23942972,-90.9115,Subtidal,Yes,,67,57,41,67.8,8.43,138.39,146.82,0.850746269,0.611940299,1.011940299,0.060914806
Northern,LA,Sister Lake,29.23942972,-90.9115,Subtidal,Yes,,68,56,21,52.2,10.33,101.66,111.99,0.823529412,0.308823529,0.767647059,0.101613221
Northern,LA,Sister Lake,29.23942972,-90.9115,Subtidal,Yes,,74,63,31,60.8,11.93,112.95,124.88,0.851351351,0.418918919,0.821621622,0.105621957
Northern,LA,Sister Lake,29.23942972,-90.9115,Subtidal,Yes,,74,54,30,54.4,7.52,107.59,115.11,0.72972973,0.405405405,0.735135135,0.069894972
Northern,LA,Sister Lake,29.23942972,-90.9115,Subtidal,Yes,,73,55,32,57.2,10.25,114.87,125.12,0.753424658,0.438356164,0.783561644,0.089231305
Northern,LA,Sister Lake,29.23942972,-90.9115,Subtidal,Yes,,80,48,32,63.6,10.3,123,133.3,0.6,0.4,0.795,0.083739837
Northern,LA,Sister Lake,29.23942972,-90.9115,Subtidal,Yes,,78,52,35,57.6,11.37,109.56,120.93,0.666666667,0.448717949,0.738461538,0.103778751
Northern,LA,Sister Lake,29.23942972,-90.9115,Subtidal,Yes,,64,51,35,76.2,6.43,99.61,106.04,0.796875,0.546875,1.190625,0.064551752
Northern,LA,Sister Lake,29.23942972,-90.9115,Subtidal,Yes,,68,51,28,37.8,6.31,71.46,77.77,0.75,0.411764706,0.555882353,0.088301147
Northern,LA,Sister Lake,29.23942972,-90.9115,Subtidal,Yes,,67,39,28,27.8,4.22,55.46,59.68,0.582089552,0.417910448,0.414925373,0.076090876
Northern,LA,Sister Lake,29.23942972,-90.9115,Subtidal,Yes,,56,43,21,23.8,4.63,43.12,47.75,0.767857143,0.375,0.425,0.107374768
Northern,LA,Sister Lake,29.23942972,-90.9115,Subtidal,Yes,,50,41,23,24.6,4.23,46.64,50.87,0.82,0.46,0.492,0.090694683
Northern,LA,Sister Lake,29.23942972,-90.9115,Subtidal,Yes,,54,44,23,27.4,4.3,52.65,56.95,0.814814815,0.425925926,0.507407407,0.081671415
Northern,LA,Sister Lake,29.23942972,-90.9115,Subtidal,Yes,,45,48,20,16,2.41,32.72,35.13,1.066666667,0.444444444,0.355555556,0.073655257
Northern,LA,Sister Lake,29.23942972,-90.9115,Subtidal,Yes,,51,42,20,14.4,2.62,25.9,28.52,0.823529412,0.392156863,0.282352941,0.101158301
Northern,TX-Upper,Matagorda Bay,28.64166667,-96.32333333,Intertidal,Yes,,109,62,46,100,12.85,164.22,177.07,0.568807339,0.422018349,0.917431193,0.078248691
Northern,TX-Upper,Matagorda Bay,28.64166667,-96.32333333,Intertidal,Yes,,125,64,33,88.4,11.86,160.47,172.33,0.512,0.264,0.7072,0.073907896
Northern,TX-Upper,Matagorda Bay,28.64166667,-96.32333333,Intertidal,Yes,,104,61,45,100,11.77,177.65,189.42,0.586538462,0.432692308,0.961538462,0.06625387
Northern,TX-Upper,Matagorda Bay,28.64166667,-96.32333333,Intertidal,Yes,,106,66,28,80.2,10.53,131.19,141.72,0.622641509,0.264150943,0.756603774,0.080265264
Northern,TX-Upper,Matagorda Bay,28.64166667,-96.32333333,Intertidal,Yes,,106,64,35,88,13.24,130.83,144.07,0.603773585,0.330188679,0.830188679,0.101200031
Northern,TX-Upper,Matagorda Bay,28.64166667,-96.32333333,Intertidal,Yes,,114,51,29,78.8,10.51,129.4,139.91,0.447368421,0.254385965,0.69122807,0.08122102
Northern,TX-Upper,Matagorda Bay,28.64166667,-96.32333333,Intertidal,Yes,,107,58,36,74.2,11.25,117.26,128.51,0.542056075,0.336448598,0.693457944,0.095940645
Northern,TX-Upper,Matagorda Bay,28.64166667,-96.32333333,Intertidal,Yes,,95,49,28,50,9.93,78.46,88.39,0.515789474,0.294736842,0.526315789,0.126561305
Northern,TX-Upper,Matagorda Bay,28.64166667,-96.32333333,Intertidal,Yes,,79,61,28,44.2,7.73,64.53,72.26,0.772151899,0.35443038,0.559493671,0.119789245
Northern,TX-Upper,Matagorda Bay,28.64166667,-96.32333333,Intertidal,Yes,,97,49,31,62,9.54,99.32,108.86,0.505154639,0.319587629,0.639175258,0.096053161
Northern,TX-Upper,Matagorda Bay,28.64166667,-96.32333333,Intertidal,Yes,,90,44,39,72.6,7.25,126.77,134.02,0.488888889,0.433333333,0.806666667,0.057190187
Northern,TX-Upper,Matagorda Bay,28.64166667,-96.32333333,Intertidal,Yes,,71,58,26,38.2,8.25,67.54,75.79,0.816901408,0.366197183,0.538028169,0.122149837
Northern,TX-Upper,Matagorda Bay,28.64166667,-96.32333333,Intertidal,Yes,,90,48,15,24.2,4.36,41.67,46.03,0.533333333,0.166666667,0.268888889,0.104631629
Northern,TX-Upper,Matagorda Bay,28.64166667,-96.32333333,Intertidal,Yes,,94,55,23,40,7.22,64.65,71.87,0.585106383,0.244680851,0.425531915,0.111678268
Northern,TX-Upper,Matagorda Bay,28.64166667,-96.32333333,Intertidal,Yes,,95,56,22,41.8,7.76,64.29,72.05,0.589473684,0.231578947,0.44,0.120703064
Northern,TX-Upper,Matagorda Bay,28.64166667,-96.32333333,Intertidal,Yes,,90,52,26,40.4,8.04,62.69,70.73,0.577777778,0.288888889,0.448888889,0.12825012
Northern,TX-Upper,Matagorda Bay,28.64166667,-96.32333333,Intertidal,Yes,,72,48,25,33,8.09,51.44,59.53,0.666666667,0.347222222,0.458333333,0.157270607
Northern,TX-Upper,Matagorda Bay,28.64166667,-96.32333333,Intertidal,Yes,,79,50,33,49.8,9.33,76.6,85.93,0.632911392,0.417721519,0.630379747,0.121801567
Northern,TX-Upper,Matagorda Bay,28.64166667,-96.32333333,Intertidal,Yes,,93,56,21,41.4,9.04,61.17,70.21,0.602150538,0.225806452,0.44516129,0.147784862
Northern,TX-Upper,Matagorda Bay,28.64166667,-96.32333333,Intertidal,Yes,,85,59,25,60.8,8.78,94.54,103.32,0.694117647,0.294117647,0.715294118,0.092870743
Northern,TX-Upper,Matagorda Bay,28.64166667,-96.32333333,Intertidal,Yes,,76,55,23,38.6,6.97,58.98,65.95,0.723684211,0.302631579,0.507894737,0.118175653
Northern,TX-Upper,Matagorda Bay,28.64166667,-96.32333333,Intertidal,Yes,,83,41,19,25.2,4.57,40.1,44.67,0.493975904,0.228915663,0.303614458,0.113965087
Northern,TX-Upper,Matagorda Bay,28.64166667,-96.32333333,Intertidal,Yes,,72,48,22,30,5.89,47.25,53.14,0.666666667,0.305555556,0.416666667,0.124656085
Northern,TX-Upper,Matagorda Bay,28.64166667,-96.32333333,Intertidal,Yes,,55,76,21,30.2,5.4,48.38,53.78,1.381818182,0.381818182,0.549090909,0.11161637
Northern,TX-Upper,Matagorda Bay,28.64166667,-96.32333333,Intertidal,Yes,,78,44,27,38.2,8.5,60.18,68.68,0.564102564,0.346153846,0.48974359,0.141242938
Northern,TX-Upper,Matagorda Bay,28.64166667,-96.32333333,Intertidal,Yes,,80,44,27,32.6,7.37,49.73,57.1,0.55,0.3375,0.4075,0.148200282
Northern,TX-Upper,Matagorda Bay,28.64166667,-96.32333333,Intertidal,Yes,,57,55,26,25.6,4.74,43.85,48.59,0.964912281,0.456140351,0.449122807,0.108095781
Northern,TX-Upper,Matagorda Bay,28.64166667,-96.32333333,Intertidal,Yes,,68,45,23,34,6.28,54.96,61.24,0.661764706,0.338235294,0.5,0.11426492
Northern,TX-Upper,Matagorda Bay,28.64166667,-96.32333333,Intertidal,Yes,,74,50,27,35.6,5.26,54.61,59.87,0.675675676,0.364864865,0.481081081,0.096319355
Northern,TX-Upper,Matagorda Bay,28.64166667,-96.32333333,Intertidal,Yes,,72,53,21,30.8,6.38,48.09,54.47,0.736111111,0.291666667,0.427777778,0.132667914
Northern,TX-Upper,Copano Bay,28.11444444,-97.07,Subtidal,Yes,,89,57,36,75.4,7.28,124.87,132.15,0.640449438,0.404494382,0.847191011,0.058300633
Northern,TX-Upper,Copano Bay,28.11444444,-97.07,Subtidal,Yes,,97,68,39,83.6,9.68,147.41,157.09,0.701030928,0.402061856,0.86185567,0.065667187
Northern,TX-Upper,Copano Bay,28.11444444,-97.07,Subtidal,Yes,,93,58,42,64.2,7.44,112.67,120.11,0.623655914,0.451612903,0.690322581,0.066033549
Northern,TX-Upper,Copano Bay,28.11444444,-97.07,Subtidal,Yes,,80,66,37,79.2,10.69,139.53,150.22,0.825,0.4625,0.99,0.076614348
Northern,TX-Upper,Copano Bay,28.11444444,-97.07,Subtidal,Yes,,73,53,39,62.6,7.6,115.8,123.4,0.726027397,0.534246575,0.857534247,0.065630397
Northern,TX-Upper,Copano Bay,28.11444444,-97.07,Subtidal,Yes,,73,57,30,54.4,6.52,101.8,108.32,0.780821918,0.410958904,0.745205479,0.064047151
Northern,TX-Upper,Copano Bay,28.11444444,-97.07,Subtidal,Yes,,80,50,35,60,7.11,103.78,110.89,0.625,0.4375,0.75,0.06851031
Northern,TX-Upper,Copano Bay,28.11444444,-97.07,Subtidal,Yes,,85,53,39,55.4,6.51,105.75,112.26,0.623529412,0.458823529,0.651764706,0.061560284
Northern,TX-Upper,Copano Bay,28.11444444,-97.07,Subtidal,Yes,,75,55,35,57,5.98,112.26,118.24,0.733333333,0.466666667,0.76,0.053269197
Northern,TX-Upper,Copano Bay,28.11444444,-97.07,Subtidal,Yes,,75,55,34,52.4,7.14,97.66,104.8,0.733333333,0.453333333,0.698666667,0.073110793
Northern,TX-Upper,Copano Bay,28.11444444,-97.07,Subtidal,Yes,,69,49,31,38.6,4.2,71.32,75.52,0.710144928,0.449275362,0.55942029,0.058889512
Northern,TX-Upper,Copano Bay,28.11444444,-97.07,Subtidal,Yes,,67,49,33,33.2,3.61,63.69,67.3,0.731343284,0.492537313,0.495522388,0.056680798
Northern,TX-Upper,Copano Bay,28.11444444,-97.07,Subtidal,Yes,,55,52,27,26.8,3.72,50.42,54.14,0.945454545,0.490909091,0.487272727,0.073780246
Northern,TX-Upper,Copano Bay,28.11444444,-97.07,Subtidal,Yes,,68,49,30,43.8,4.58,73.48,78.06,0.720588235,0.441176471,0.644117647,0.062329886
Northern,TX-Upper,Copano Bay,28.11444444,-97.07,Subtidal,Yes,,67,55,29,38.8,5.63,72.05,77.68,0.820895522,0.432835821,0.579104478,0.07814018
Northern,TX-Upper,Mesquite Bay,28.14111111,-96.82305556,Subtidal,Yes,,127,86,37,134.6,21.42,194.87,216.29,0.677165354,0.291338583,1.05984252,0.109919433
Northern,TX-Upper,Mesquite Bay,28.14111111,-96.82305556,Subtidal,Yes,,101,90,41,125.4,18.12,211.2,229.32,0.891089109,0.405940594,1.241584158,0.085795455
Northern,TX-Upper,Mesquite Bay,28.14111111,-96.82305556,Subtidal,Yes,,102,86,39,111.4,13.79,197.53,211.32,0.843137255,0.382352941,1.092156863,0.06981218
Northern,TX-Upper,Mesquite Bay,28.14111111,-96.82305556,Subtidal,Yes,,105,82,49,146.6,16.18,252.69,268.87,0.780952381,0.466666667,1.396190476,0.064031026
Northern,TX-Upper,Mesquite Bay,28.14111111,-96.82305556,Subtidal,Yes,,88,76,41,106,14.93,178.79,193.72,0.863636364,0.465909091,1.204545455,0.083505789
Northern,TX-Upper,Mesquite Bay,28.14111111,-96.82305556,Subtidal,Yes,,93,79,38,83.4,10.93,152.37,163.3,0.849462366,0.408602151,0.896774194,0.071733281
Northern,TX-Upper,Mesquite Bay,28.14111111,-96.82305556,Subtidal,Yes,,75,67,34,59.4,10.24,112.2,122.44,0.893333333,0.453333333,0.792,0.091265597
Northern,TX-Upper,Mesquite Bay,28.14111111,-96.82305556,Subtidal,Yes,,97,71,44,110.4,14.85,195.52,210.37,0.731958763,0.453608247,1.13814433,0.075951309
Northern,TX-Upper,Mesquite Bay,28.14111111,-96.82305556,Subtidal,Yes,,88,70,41,84.6,14.18,137.39,151.57,0.795454545,0.465909091,0.961363636,0.103209841
Northern,TX-Upper,Mesquite Bay,28.14111111,-96.82305556,Subtidal,Yes,,78,65,28,58.4,6.44,103.9,110.34,0.833333333,0.358974359,0.748717949,0.061982676
Northern,TX-Upper,Mesquite Bay,28.14111111,-96.82305556,Subtidal,Yes,,55,38,18,19.2,2.75,30.16,32.91,0.690909091,0.327272727,,
Northern,TX-Upper,Mesquite Bay,28.14111111,-96.82305556,Subtidal,Yes,,37,36,6,7.8,0.95,7.87,8.82,0.972972973,0.162162162,,
Northern,TX-Upper,Mesquite Bay,28.14111111,-96.82305556,Subtidal,Yes,,33,33,9,5,0.81,7.49,8.3,1,0.272727273,0.151515152,0.108144192
Northern,TX-Upper,Mesquite Bay,28.14111111,-96.82305556,Subtidal,Yes,,31,25,8,4.8,0.54,4.39,4.93,0.806451613,0.258064516,0.15483871,0.123006834
Northern,TX-Upper,Mesquite Bay,28.14111111,-96.82305556,Subtidal,Yes,,30,30,9,3.6,0.86,5.75,6.61,1,0.3,0.12,0.149565217
Western,TX-Lower,Redfish Bay,27.91138889,-97.08944444,Intertidal,No,None,86,67,31,65.4,12.98,114.79,127.77,0.779069767,0.360465116,0.760465116,0.113076052
Western,TX-Lower,Redfish Bay,27.91138889,-97.08944444,Intertidal,No,None,85,68,32,79.8,13.38,127.26,140.64,0.8,0.376470588,0.938823529,0.105139085
Western,TX-Lower,Redfish Bay,27.91138889,-97.08944444,Intertidal,No,None,97,54,32,60,13.56,117.79,131.35,0.556701031,0.329896907,0.618556701,0.115120129
Western,TX-Lower,Redfish Bay,27.91138889,-97.08944444,Intertidal,No,None,87,52,21,53,9.96,90.14,100.1,0.597701149,0.24137931,0.609195402,0.110494786
Western,TX-Lower,Redfish Bay,27.91138889,-97.08944444,Intertidal,No,None,77,52,22,32.2,7.56,48.23,55.79,0.675324675,0.285714286,0.418181818,0.156748911
Western,TX-Lower,Redfish Bay,27.91138889,-97.08944444,Intertidal,No,None,76,51,27,38,6.64,62.41,69.05,0.671052632,0.355263158,0.5,0.106393206
Western,TX-Lower,Redfish Bay,27.91138889,-97.08944444,Intertidal,No,None,67,39,21,26.8,5.6,42.06,47.66,0.582089552,0.313432836,0.4,0.133143129
Western,TX-Lower,Redfish Bay,27.91138889,-97.08944444,Intertidal,No,None,70,51,31,44.8,8.57,69.09,77.66,0.728571429,0.442857143,0.64,0.124041106
Western,TX-Lower,Redfish Bay,27.91138889,-97.08944444,Intertidal,No,None,64,41,20,20,4.03,32.78,36.81,0.640625,0.3125,0.3125,0.122940818
Western,TX-Lower,Redfish Bay,27.91138889,-97.08944444,Intertidal,No,None,65,52,23,30.6,4.39,47.98,52.37,0.8,0.353846154,0.470769231,0.091496457
Western,TX-Lower,Redfish Bay,27.91138889,-97.08944444,Intertidal,No,None,74,41,19,21.2,3.96,37.65,41.61,0.554054054,0.256756757,0.286486486,0.105179283
Western,TX-Lower,Redfish Bay,27.91138889,-97.08944444,Intertidal,No,None,71,43,25,23.6,4.08,36.94,41.02,0.605633803,0.352112676,0.332394366,0.110449377
Western,TX-Lower,Redfish Bay,27.91138889,-97.08944444,Intertidal,No,None,76,47,24,23.8,4.08,39.16,43.24,0.618421053,0.315789474,0.313157895,0.104187947
Western,TX-Lower,Redfish Bay,27.91138889,-97.08944444,Intertidal,No,None,65,47,20,21.4,4.18,35.83,40.01,0.723076923,0.307692308,0.329230769,0.116662015
Western,TX-Lower,Redfish Bay,27.91138889,-97.08944444,Intertidal,No,None,54,39,24,15.8,3.55,26,29.55,0.722222222,0.444444444,0.292592593,0.136538462
Western,TX-Lower,Upper Laguna Madre,27.63083,-97.24018,Intertidal,No,None,135,59,27,99,15.59,143.83,159.42,0.437037037,0.2,0.733333333,0.108391851
Western,TX-Lower,Upper Laguna Madre,27.63083,-97.24018,Intertidal,No,None,155,46,34,118,18.87,181.16,200.03,0.296774194,0.219354839,0.761290323,0.104162067
Western,TX-Lower,Upper Laguna Madre,27.63083,-97.24018,Intertidal,No,None,132,61,36,137,10.12,173.82,183.94,0.462121212,0.272727273,1.037878788,0.058221148
Western,TX-Lower,Upper Laguna Madre,27.63083,-97.24018,Intertidal,No,None,131,72,27,116.5,16.16,165.4,181.56,0.549618321,0.20610687,0.889312977,0.097702539
Western,TX-Lower,Upper Laguna Madre,27.63083,-97.24018,Intertidal,No,None,140,56,33,117.5,17.68,161.47,179.15,0.4,0.235714286,0.839285714,0.109494024
Western,TX-Lower,Upper Laguna Madre,27.63083,-97.24018,Intertidal,No,None,117,52,29,69.4,11.3,110.58,121.88,0.444444444,0.247863248,0.593162393,0.102188461
Western,TX-Lower,Upper Laguna Madre,27.63083,-97.24018,Intertidal,No,None,107,45,28,66.6,8.79,105.63,114.42,0.420560748,0.261682243,0.622429907,0.083214996
Western,TX-Lower,Upper Laguna Madre,27.63083,-97.24018,Intertidal,No,None,125,51,26,71.2,9.1,119.64,128.74,0.408,0.208,0.5696,0.076061518
Western,TX-Lower,Upper Laguna Madre,27.63083,-97.24018,Intertidal,No,None,117,66,31,100,14.34,154.92,169.26,0.564102564,0.264957265,0.854700855,0.092563904
Western,TX-Lower,Upper Laguna Madre,27.63083,-97.24018,Intertidal,No,None,82,67,34,72.8,7.05,99.58,106.63,0.817073171,0.414634146,0.887804878,0.070797349
Western,TX-Lower,Upper Laguna Madre,27.63083,-97.24018,Intertidal,No,None,107,45,19,43.8,7.48,73.66,81.14,0.420560748,0.177570093,0.409345794,0.101547651
Western,TX-Lower,Upper Laguna Madre,27.63083,-97.24018,Intertidal,No,None,95,59,15,43.2,9.32,58.41,67.73,0.621052632,0.157894737,0.454736842,0.159561719
Western,TX-Lower,Upper Laguna Madre,27.63083,-97.24018,Intertidal,No,None,111,60,38,94.8,16.77,130.17,146.94,0.540540541,0.342342342,0.854054054,0.128831528
Western,TX-Lower,Upper Laguna Madre,27.63083,-97.24018,Intertidal,No,None,105,55,26,61.4,9.97,99.5,109.47,0.523809524,0.247619048,0.584761905,0.100201005
Western,TX-Lower,Upper Laguna Madre,27.63083,-97.24018,Intertidal,No,None,94,56,30,72.2,12.02,100.33,112.35,0.595744681,0.319148936,0.768085106,0.119804645
Western,TX-Lower,Upper Laguna Madre,27.63083,-97.24018,Intertidal,No,None,89,49,23,41.4,5.99,63.21,69.2,0.550561798,0.258426966,0.465168539,0.094763487
Western,TX-Lower,Upper Laguna Madre,27.63083,-97.24018,Intertidal,No,None,62,66,26,70.4,7.42,59.86,67.28,1.064516129,0.419354839,1.135483871,0.123955897
Western,TX-Lower,Upper Laguna Madre,27.63083,-97.24018,Intertidal,No,None,93,49,25,69.6,8.19,71.44,79.63,0.52688172,0.268817204,0.748387097,0.114641657
Western,TX-Lower,Upper Laguna Madre,27.63083,-97.24018,Intertidal,No,None,88,49,34,54.6,9.61,80.4,90.01,0.556818182,0.386363636,0.620454545,0.119527363
Western,TX-Lower,Upper Laguna Madre,27.63083,-97.24018,Intertidal,No,None,90,39,33,36,5.32,58.6,63.92,0.433333333,0.366666667,0.4,0.090784983
Western,TX-Lower,Upper Laguna Madre,27.63083,-97.24018,Intertidal,No,None,75,55,24,34.4,7.23,52.67,59.9,0.733333333,0.32,0.458666667,0.137269793
Western,TX-Lower,Upper Laguna Madre,27.63083,-97.24018,Intertidal,No,None,76,42,20,29.2,4.28,46.58,50.86,0.552631579,0.263157895,0.384210526,0.091884929
Western,TX-Lower,Upper Laguna Madre,27.63083,-97.24018,Intertidal,No,None,55,29,13,10.2,1.91,16.33,18.24,0.527272727,0.236363636,0.185454545,0.116962645
Western,TX-Lower,Upper Laguna Madre,27.63083,-97.24018,Intertidal,No,None,29,48,12,6.8,1.42,8.31,9.73,1.655172414,0.413793103,0.234482759,0.17087846
Western,TX-Lower,Upper Laguna Madre,27.63083,-97.24018,Intertidal,No,None,47,25,10,3.4,1.31,6.42,7.73,0.531914894,0.212765957,0.072340426,0.204049844
Western,TX-Lower,Upper Laguna Madre,27.63083,-97.24018,Intertidal,No,None,69,36,10,13.8,1.61,20.82,22.43,0.52173913,0.144927536,0.2,0.077329491
Western,TX-Lower,Upper Laguna Madre,27.63083,-97.24018,Intertidal,No,None,57,33,12,,0.82,,,0.578947368,0.210526316,,
Western,TX-Lower,Upper Laguna Madre,27.63083,-97.24018,Intertidal,No,None,65,65,13,,3.26,,,1,0.2,,
Western,TX-Lower,Upper Laguna Madre,27.63083,-97.24018,Intertidal,No,None,37,32,10,,1,,,0.864864865,0.27027027,,
Western,TX-Lower,Upper Laguna Madre,27.63083,-97.24018,Intertidal,No,None,59,41,,,2.66,,,0.694915254,,,
Western,TX-Lower,Port Mansfield,26.55944444,-97.36305556,Intertidal,No,None,88,39,,,7.074,,,0.443181818,,,
Western,TX-Lower,Port Mansfield,26.55944444,-97.36305556,Intertidal,No,None,82,54,32,,8.91,,,0.658536585,0.390243902,,
Western,TX-Lower,Port Mansfield,26.55944444,-97.36305556,Intertidal,No,None,91,48,35,,8.27,,,0.527472527,0.384615385,,
Western,TX-Lower,Port Mansfield,26.55944444,-97.36305556,Intertidal,No,None,103,57,29,,12.12,,,0.553398058,0.281553398,,
Western,TX-Lower,Port Mansfield,26.55944444,-97.36305556,Intertidal,No,None,92,46,24,,9.84,,,0.5,0.260869565,,
Western,TX-Lower,Port Mansfield,26.55944444,-97.36305556,Intertidal,No,None,63,53,21,,7.53,,,0.841269841,0.333333333,,
Western,TX-Lower,Port Mansfield,26.55944444,-97.36305556,Intertidal,No,None,82,53,22,,6.85,,,0.646341463,0.268292683,,
Western,TX-Lower,Port Mansfield,26.55944444,-97.36305556,Intertidal,No,None,49,39,12,,1.53,,,0.795918367,0.244897959,,
Western,TX-Lower,Port Mansfield,26.55944444,-97.36305556,Intertidal,No,None,74,40,,,4.79,,,0.540540541,,,
Western,TX-Lower,Port Mansfield,26.55944444,-97.36305556,Intertidal,No,None,56,38,,,2.07,,,0.678571429,,,
Western,TX-Lower,Port Mansfield,26.55944444,-97.36305556,Intertidal,No,None,91,47,28,39.6,9.49,57.05,66.54,0.516483516,0.307692308,0.435164835,0.166345311
Western,TX-Lower,Port Mansfield,26.55944444,-97.36305556,Intertidal,No,None,93,50,18,34.8,9,52.56,61.56,0.537634409,0.193548387,0.374193548,0.171232877
Western,TX-Lower,Port Mansfield,26.55944444,-97.36305556,Intertidal,No,None,86,44,20,32.4,7.22,40.53,47.75,0.511627907,0.23255814,0.376744186,0.17813965
Western,TX-Lower,Port Mansfield,26.55944444,-97.36305556,Intertidal,No,None,95,54,32,65.2,14.84,94.05,108.89,0.568421053,0.336842105,0.686315789,0.15778841
Western,TX-Lower,Port Mansfield,26.55944444,-97.36305556,Intertidal,No,None,97,50,20,42.2,8.03,61.43,69.46,0.515463918,0.206185567,0.435051546,0.13071789
Western,TX-Lower,Port Mansfield,26.55944444,-97.36305556,Intertidal,No,None,71,59,38,47.8,8.74,57.84,66.58,0.830985915,0.535211268,0.673239437,0.151106501
Western,TX-Lower,Port Mansfield,26.55944444,-97.36305556,Intertidal,No,None,96,41,26,50,9.64,73.38,83.02,0.427083333,0.270833333,0.520833333,0.131370946
Western,TX-Lower,Port Mansfield,26.55944444,-97.36305556,Intertidal,No,None,77,60,30,47.2,10.5,59.16,69.66,0.779220779,0.38961039,0.612987013,0.177484787
Western,TX-Lower,Port Mansfield,26.55944444,-97.36305556,Intertidal,No,None,101,53,22,48.6,11.79,70.94,82.73,0.524752475,0.217821782,0.481188119,0.166196786
Western,TX-Lower,Port Mansfield,26.55944444,-97.36305556,Intertidal,No,None,80,54,20,36.6,8.78,49.22,58,0.675,0.25,0.4575,0.178382771
Western,TX-Lower,Port Mansfield,26.55944444,-97.36305556,Intertidal,No,None,89,45,25,53,13.29,72.81,86.1,0.505617978,0.280898876,0.595505618,0.182529872
Western,TX-Lower,Port Mansfield,26.55944444,-97.36305556,Intertidal,No,None,85,55,25,46.8,10.12,67.55,77.67,0.647058824,0.294117647,0.550588235,0.149814952
Western,TX-Lower,Port Mansfield,26.55944444,-97.36305556,Intertidal,No,None,77,49,26,33.8,8.73,46.46,55.19,0.636363636,0.337662338,0.438961039,0.187903573
Western,TX-Lower,Port Mansfield,26.55944444,-97.36305556,Intertidal,No,None,98,44,24,47.4,11.06,67.55,78.61,0.448979592,0.244897959,0.483673469,0.16373057
Western,TX-Lower,Port Mansfield,26.55944444,-97.36305556,Intertidal,No,None,77,53,21,29.2,6.61,39.46,46.07,0.688311688,0.272727273,0.379220779,0.167511404
Western,TX-Lower,Port Mansfield,26.55944444,-97.36305556,Intertidal,No,None,102,46,38,75,12.02,105.88,117.9,0.450980392,0.37254902,0.735294118,0.113524745
Western,TX-Lower,Port Mansfield,26.55944444,-97.36305556,Intertidal,No,None,74,61,25,,12.07,,,0.824324324,0.337837838,,
Western,TX-Lower,Port Mansfield,26.55944444,-97.36305556,Intertidal,No,None,50,45,22,32.6,8.67,45.39,54.06,0.9,0.44,0.652,0.191011236
Western,TX-Lower,Port Mansfield,26.55944444,-97.36305556,Intertidal,No,None,97,51,23,44,10.71,58.85,69.56,0.525773196,0.237113402,0.453608247,0.181988105
Western,TX-Lower,Port Mansfield,26.55944444,-97.36305556,Intertidal,No,None,69,54,23,34.8,7.37,48.27,55.64,0.782608696,0.333333333,0.504347826,0.152682826
Western,TX-Lower,Corpus Christi Bay,27.85166667,-97.35611111,Intertidal,No,None,79,48,18,27,5.12,41.26,46.38,0.607594937,0.227848101,0.341772152,0.124091129
Western,TX-Lower,Corpus Christi Bay,27.85166667,-97.35611111,Intertidal,No,None,71,50,23,28.6,6.29,36.03,42.32,0.704225352,0.323943662,0.402816901,0.174576742
Western,TX-Lower,Corpus Christi Bay,27.85166667,-97.35611111,Intertidal,No,None,74,53,18,29.4,5.34,48.95,54.29,0.716216216,0.243243243,0.397297297,0.109090909
Western,TX-Lower,Corpus Christi Bay,27.85166667,-97.35611111,Intertidal,No,None,85,58,20,35.6,6.66,51.42,58.08,0.682352941,0.235294118,0.418823529,0.129521587
Western,TX-Lower,Corpus Christi Bay,27.85166667,-97.35611111,Intertidal,No,None,82,50,22,30.6,5.7,45.5,51.2,0.609756098,0.268292683,0.373170732,0.125274725
Western,TX-Lower,Corpus Christi Bay,27.85166667,-97.35611111,Intertidal,No,None,79,56,25,39.2,7.56,46.77,54.33,0.708860759,0.316455696,0.496202532,0.161642078
Western,TX-Lower,Corpus Christi Bay,27.85166667,-97.35611111,Intertidal,No,None,68,52,26,30.8,4.71,49.99,54.7,0.764705882,0.382352941,0.452941176,0.094218844
Western,TX-Lower,Corpus Christi Bay,27.85166667,-97.35611111,Intertidal,No,None,74,43,19,23.4,4.28,33.97,38.25,0.581081081,0.256756757,0.316216216,0.125993524
Western,TX-Lower,Corpus Christi Bay,27.85166667,-97.35611111,Intertidal,No,None,70,44,27,27.2,7.08,37.99,45.07,0.628571429,0.385714286,0.388571429,0.186364833
Western,TX-Lower,Corpus Christi Bay,27.85166667,-97.35611111,Intertidal,No,None,66,54,16,18.6,4.24,25.73,29.97,0.818181818,0.242424242,0.281818182,0.164788185
Western,TX-Lower,Corpus Christi Bay,27.85166667,-97.35611111,Intertidal,No,None,63,48,19,21.4,5.36,33.42,38.78,0.761904762,0.301587302,0.33968254,0.160383004
Western,TX-Lower,Corpus Christi Bay,27.85166667,-97.35611111,Intertidal,No,None,64,49,15,18.2,2.47,24.68,27.15,0.765625,0.234375,0.284375,0.100081037
Western,TX-Lower,Corpus Christi Bay,27.85166667,-97.35611111,Intertidal,No,None,69,43,24,26.4,5.91,35.01,40.92,0.623188406,0.347826087,0.382608696,0.168808912
Western,TX-Lower,Corpus Christi Bay,27.85166667,-97.35611111,Intertidal,No,None,67,44,23,27.2,5,37.2,42.2,0.656716418,0.343283582,0.405970149,0.134408602
Western,TX-Lower,Corpus Christi Bay,27.85166667,-97.35611111,Intertidal,No,None,68,48,26,20.8,4.33,26.2,30.53,0.705882353,0.382352941,0.305882353,0.165267176
Western,TX-Lower,Corpus Christi Bay,27.85166667,-97.35611111,Intertidal,No,None,58,45,18,19.4,3.5,29.28,32.78,0.775862069,0.310344828,0.334482759,0.119535519
Western,TX-Lower,Corpus Christi Bay,27.85166667,-97.35611111,Intertidal,No,None,70,46,24,20.8,3.74,30.48,34.22,0.657142857,0.342857143,0.297142857,0.122703412
Western,TX-Lower,Corpus Christi Bay,27.85166667,-97.35611111,Intertidal,No,None,56,51,24,26.8,6.89,40.97,47.86,0.910714286,0.428571429,0.478571429,0.168171833
Western,TX-Lower,Corpus Christi Bay,27.85166667,-97.35611111,Intertidal,No,None,62,44,13,12.8,2.53,18.66,21.19,0.709677419,0.209677419,0.206451613,0.135584137
Western,TX-Lower,Corpus Christi Bay,27.85166667,-97.35611111,Intertidal,No,None,70,38,20,24.4,4.62,34.75,39.37,0.542857143,0.285714286,0.348571429,0.13294964
Western,TX-Lower,Corpus Christi Bay,27.85166667,-97.35611111,Intertidal,No,None,65,46,30,24.4,4.59,32.09,36.68,0.707692308,0.461538462,0.375384615,0.143035213
Western,TX-Lower,Corpus Christi Bay,27.85166667,-97.35611111,Intertidal,No,None,64,31,15,17.2,5.68,22.83,28.51,0.484375,0.234375,0.26875,0.248795445
Western,TX-Lower,Corpus Christi Bay,27.85166667,-97.35611111,Intertidal,No,None,62,40,26,21.4,3.95,28.47,32.42,0.64516129,0.419354839,0.34516129,0.138742536
Western,TX-Lower,Corpus Christi Bay,27.85166667,-97.35611111,Intertidal,No,None,63,43,21,26,3.96,44.27,48.23,0.682539683,0.333333333,0.412698413,0.089451096
Western,TX-Lower,Corpus Christi Bay,27.85166667,-97.35611111,Intertidal,No,None,57,48,18,17,3.04,28.44,31.48,0.842105263,0.315789474,0.298245614,0.106891702
Western,TX-Lower,Corpus Christi Bay,27.85166667,-97.35611111,Intertidal,No,None,57,39,17,12.4,2.34,19.22,21.56,0.684210526,0.298245614,0.21754386,0.121748179
Western,TX-Lower,Corpus Christi Bay,27.85166667,-97.35611111,Intertidal,No,None,54,38,18,14.8,1.98,19.64,21.62,0.703703704,0.333333333,0.274074074,0.100814664
Western,TX-Lower,Corpus Christi Bay,27.85166667,-97.35611111,Intertidal,No,None,58,43,16,13.4,2.98,19.33,22.31,0.74137931,0.275862069,0.231034483,0.154164511
Western,TX-Lower,Corpus Christi Bay,27.85166667,-97.35611111,Intertidal,No,None,56,35,12,9.4,2.23,15.96,18.19,0.625,0.214285714,0.167857143,0.139724311
Western,TX-Lower,Corpus Christi Bay,27.85166667,-97.35611111,Intertidal,No,None,52,42,17,12,2.3,19.23,21.53,0.807692308,0.326923077,0.230769231,0.119604784
